id;firstname;lastname;email
1;mobile Fish;Home Loan Account Ta;Jadon_Streich@gmail.
2;alarm;Tasty Metal Bacon;Coy99@hotmail.com
3;Money Market Account;Albania web-readines;Judge.Moore@gmail.co
4;zero administration;Multi-channelled Lic;Cody_Homenick@yahoo.
5;Canyon HDD;Table Small Frozen S;Gerhard9@hotmail.com
6;Nakfa;Bahamian Dollar Inve;Alexzander.Daniel25@
7;invoice;convergence;Karson3@gmail.com
8;synthesizing Views e;Credit Card Account ;Jovan.Bayer84@gmail.
9;compress South Georg;compelling mission-c;Doug80@yahoo.com
10;Small;deliverables reinven;Raven_Dooley72@gmail
